x,y,class
0,0,0
0.00335276,0.0094212,0
0.00373666,0.0196478,0
-0.00435774,0.0296818,0
0.00556223,0.0396114,0
0.0347284,0.0359713,0
0.0197507,0.0566561,0
0.0592097,0.0373391,0
0.0557166,0.0574078,0
0.0872715,0.0219928,0
0.0501075,0.0865404,0
0.108886,0.0156145,0
0.0982074,0.0689587,0
0.118315,0.0538672,0
0.135722,0.0343446,0
0.147102,-0.0293444,0
0.153738,-0.0443225,0
0.163279,-0.0473289,0
0.175589,-0.039606,0
0.180203,-0.060223,0
0.189171,-0.064918,0
0.183665,-0.101819,0
0.215407,-0.044721,0
0.155628,-0.169352,0
0.220724,-0.0942383,0
0.173771,-0.179732,0
0.21545,-0.145538,0
0.168939,-0.210617,0
0.0957308,-0.263127,0
0.0640211,-0.282845,0
0.0596898,-0.294002,0
0.00827091,-0.30989,0
-0.0400251,-0.317487,0
-0.0541194,-0.325532,0
0.0167276,-0.339588,0
-0.181762,-0.299103,0
-0.113753,-0.341555,0
-0.00768856,-0.36992,0
-0.233231,-0.300006,0
-0.279627,-0.271862,0
-0.245938,-0.315459,0
-0.31547,-0.261876,0
-0.339746,-0.246926,0
-0.379694,-0.201823,0
-0.412272,-0.153726,0
-0.421838,-0.156692,0
-0.459543,0.0205007,0
-0.469394,0.0238543,0
-0.479206,0.0275917,0
-0.44939,-0.195318,0
-0.445712,0.226585,0
-0.436515,0.263731,0
-0.519723,-0.0169706,0
-0.468783,0.247271,0
-0.523545,0.13229,0
-0.176415,0.520939,0
-0.483106,0.283211,0
-0.308338,0.479404,0
-0.361146,0.453843,0
-0.178817,0.56225,0
-0.355818,0.483108,0
-0.0332499,0.609093,0
-0.110728,0.610032,0
-0.504774,0.376966,0
0.0156395,0.639809,0
0.0542383,0.647733,0
0.150248,0.642671,0
0.582968,0.330225,0
0.187082,0.653758,0
0.310648,0.616115,0
0.274048,0.644125,0
0.500147,0.503937,0
0.150684,0.704056,0
0.613353,0.395852,0
0.738433,-0.0481375,0
0.74874,-0.0434632,0
0.674354,0.350494,0
0.76974,0.0200272,0
0.666749,-0.404779,0
0.712505,-0.341228,0
0.769434,-0.219024,0
0.784495,-0.201661,0
0.81228,0.112253,0
0.811775,-0.172977,0
0.811032,-0.218694,0
0.514501,-0.676601,0
0.345161,-0.787695,0
0.719067,-0.489737,0
0.665618,-0.575633,0
0.338229,-0.823226,0
0.717535,-0.543271,0
0.244552,-0.876524,0
0.425655,-0.815609,0
0.393644,-0.842582,0
0.149975,-0.927959,0
-0.38053,-0.870458,0
-0.084516,-0.956272,0
-0.23531,-0.941026,0
-0.0397959,-0.979192,0
-0.404304,-0.90368,0
-0,-0,1
-0.0031024,-0.00950658,1
-0.012858,-0.015319,1
-0.0257938,-0.0153192,1
-0.0338881,-0.0212508,1
-0.0270395,-0.0420579,1
-0.0474627,-0.0367055,1
-0.069987,-0.00135084,1
-0.0752725,-0.0270935,1
-0.0876901,-0.0202594,1
-0.0943544,-0.0331247,1
-0.109936,-0.00374422,1
-0.119189,0.0139309,1
-0.122662,0.0430585,1
-0.129566,0.0530352,1
-0.113385,0.0982031,1
-0.118183,0.107855,1
-0.130894,0.108474,1
-0.0868821,0.157644,1
-0.120093,0.147233,1
-0.0733004,0.186083,1
-0.090778,0.189366,1
-0.0284613,0.218151,1
-0.129022,0.190403,1
-0.0918301,0.221737,1
-0.0107761,0.249768,1
-0.0447814,0.256114,1
6.61486e-06,0.27,1
-0.0363774,0.277627,1
0.0725184,0.280787,1
0.143542,0.263431,1
0.181182,0.251541,1
0.191807,0.256145,1
0.218704,0.247121,1
0.32634,0.0954068,1
0.2951,0.188192,1
0.297241,0.203096,1
0.256097,0.267048,1
0.351288,0.144903,1
0.365063,0.137219,1
0.390528,0.0865314,1
0.408632,0.0334682,1
0.393622,0.146498,1
0.399725,-0.158493,1
0.365586,0.244841,1
0.381504,-0.238652,1
0.407779,-0.212876,1
0.469135,-0.0284962,1
0.367998,-0.308184,1
0.264685,-0.412361,1
-0.0193245,-0.499626,1
0.367935,-0.353163,1
0.0308458,-0.519084,1
0.18212,-0.497727,1
0.286428,-0.457776,1
0.143809,-0.530866,1
0.0913248,-0.552503,1
-0.0515681,-0.567663,1
0.133372,-0.564457,1
-0.347075,-0.477115,1
0.15775,-0.578891,1
-0.222186,-0.568096,1
-0.51406,-0.346615,1
-0.221663,-0.589717,1
-0.501872,-0.397146,1
-0.418475,-0.497372,1
-0.461007,-0.472305,1
-0.314164,-0.591778,1
-0.533747,-0.421324,1
-0.688397,-0.0470113,1
-0.691421,-0.109257,1
-0.51282,-0.491035,1
-0.718524,0.0460854,1
-0.723763,-0.0952235,1
-0.735774,0.0789682,1
-0.749238,-0.033809,1
-0.722894,0.234573,1
-0.753356,0.159233,1
-0.648603,0.43326,1
-0.705389,0.355705,1
-0.422556,0.679298,1
-0.631931,0.506718,1
-0.426369,0.700435,1
-0.423915,0.71358,1
-0.432978,0.719813,1
-0.322556,0.786421,1
-0.172489,0.842524,1
-0.31527,0.810867,1
0.0451923,0.878839,1
0.205731,0.865895,1
0.0746088,0.896902,1
0.322592,0.850902,1
0.479432,0.785204,1
0.263272,0.891957,1
0.725517,0.597683,1
0.267729,0.911494,1
0.523644,0.80461,1
0.451135,0.858707,1
0.9584,0.204619,1
0.94501,0.295053,1
0,0,2
0.00994216,0.00107399,2
0.0168762,0.0107329,2
0.0266757,-0.0137262,2
0.0392788,0.00756152,2
0.0466537,-0.0179843,2
0.0588367,0.0117579,2
0.0510938,-0.0478479,2
0.068601,-0.0411571,2
0.0715976,-0.0545324,2
0.0925654,-0.0378371,2
0.0637611,-0.0896355,2
0.0605717,-0.103591,2
0.0718313,-0.108352,2
0.0676169,-0.122589,2
0.0522237,-0.140615,2
0.0899693,-0.132308,2
0.0532238,-0.161453,2
-0.0206642,-0.17881,2
0.0551066,-0.181833,2
0.022717,-0.198706,2
-0.0537873,-0.202995,2
-0.0756645,-0.206579,2
-0.104127,-0.20508,2
-0.150075,-0.18729,2
-0.105034,-0.226865,2
-0.0671778,-0.251172,2
-0.203292,-0.177686,2
-0.142024,-0.241307,2
-0.223095,-0.18528,2
-0.22161,-0.20221,2
-0.191064,-0.24412,2
-0.315934,-0.0508498,2
-0.329982,-0.00342526,2
-0.337269,0.0430094,2
-0.334415,-0.10328,2
-0.357959,-0.0382803,2
-0.368201,0.0364413,2
-0.324835,0.197185,2
-0.292601,0.257846,2
-0.312115,0.250169,2
-0.194353,0.361008,2
-0.355921,0.222981,2
-0.0635732,0.425275,2
-0.183683,0.399826,2
-0.146179,0.425596,2
-0.0941446,0.450263,2
-0.231729,0.408903,2
-0.178246,0.445678,2
-0.152829,0.465557,2
0.0585271,0.496563,2
0.100911,0.499917,2
0.0275348,0.51927,2
-0.0756658,0.524571,2
0.208412,0.498161,2
-0.023498,0.549498,2
0.349436,0.437601,2
0.255028,0.509765,2
0.20605,0.542165,2
0.366442,0.462407,2
0.434307,0.413978,2
0.490181,0.363073,2
0.567452,0.249795,2
0.615191,0.135793,2
0.545309,0.33502,2
0.610006,-0.224484,2
0.653248,-0.0941652,2
0.580527,-0.334497,2
0.630851,-0.253826,2
0.686745,-0.0669422,2
0.628635,-0.307926,2
0.57805,-0.41226,2
0.614105,-0.375866,2
0.535286,-0.496356,2
0.688533,-0.271151,2
0.469995,-0.58447,2
0.541353,-0.53342,2
0.205661,-0.742027,2
0.378275,-0.682135,2
0.426669,-0.664871,2
-0.05661,-0.797995,2
0.211798,-0.78182,2
-0.084138,-0.815672,2
-0.0532515,-0.82829,2
0.135033,-0.829075,2
-0.316186,-0.789003,2
-0.0750164,-0.856722,2
-0.619428,-0.610909,2
-0.556326,-0.681837,2
-0.785679,-0.418101,2
-0.790835,-0.429628,2
-0.386929,-0.823642,2
-0.828076,-0.400862,2
-0.656775,-0.658442,2
-0.688138,-0.640364,2
-0.828431,-0.464975,2
-0.750832,-0.598207,2
-0.963374,-0.113186,2
-0.97113,-0.131554,2
-0.957565,-0.251335,2
