Feature1,Feature2,Feature3,R,G,B
0.9502577950303904,0.8233956602342514,0.18818972470748074,199,241,9
0.43272369809343814,0.5516091858059364,0.19415032769231533,190,71,254
0.816248913674545,0.5729120240727609,0.7962750461845387,179,9,207
0.9113115008434424,0.18741262041701345,0.24982507671397836,207,107,49
0.5829913700939703,0.5810545900060903,0.3380653401756819,206,243,81
0.03266848105164255,0.4831547189369969,0.8292073781074151,46,198,113
0.0064773141006667645,0.6635636665856952,0.4206838491340641,196,160,118
0.003808834134908956,0.05267914046563826,0.5115062368456622,177,112,208
0.44515542032678923,0.8114180579203052,0.08100085250115607,62,171,82
0.09109888770254038,0.6280589088285224,0.14200233067878953,36,62,232
0.7130517234232425,0.28242505442379606,0.1709558684876259,155,171,15
0.4504093041628564,0.1312357361738825,0.11865707009604365,78,192,139
0.5918142598103893,0.1759363054237687,0.9751367589849856,112,6,43
0.8361954544988965,0.9006071115694495,0.3066317954055122,60,105,11
0.7620756801596887,0.4269309953380718,0.47225746898983334,76,202,220
0.4160520974727929,0.9125441561846815,0.4083820216874714,243,53,82
0.9173928793473703,0.49575579541046133,0.8575753620778332,195,30,19
0.11095140128591086,0.6260360828164184,0.7492667436718522,83,32,245
0.9659708793302719,0.9909937916853209,0.8460395924859508,182,252,223
0.9694866192956141,0.5029763548284685,0.28004202833556613,107,146,236
0.8510915794482571,0.14232536638439675,0.5430510924662837,106,152,169
0.916681043908958,0.806754714491443,0.9517760232766812,7,162,48
0.08643156173831912,0.709945495990948,0.0413336819048612,82,11,230
0.8349115902940729,0.8608767054542429,0.5932312837997314,116,96,73
0.7855215425243914,0.5534825864398757,0.40645520170527183,25,239,242
0.18148356769460416,0.6398391298837287,0.259773648301563,29,118,122
0.08648747840420945,0.24690592717422455,0.7991136367406853,59,135,112
0.04926603880011449,0.22869045767307217,0.7820652149622266,229,39,54
0.5541761027902979,0.17368625683237304,0.015169126317211012,49,172,27
0.5335081833853718,0.915279524533491,0.592712775441028,137,171,147
0.29037281235561674,0.9345649589372145,0.5589110409083042,42,224,253
0.36449335222217305,0.5165488496294557,0.9818487640769473,129,218,127
0.4365649526158293,0.13731958922055088,0.8374137071333969,10,149,78
0.8815979987753345,0.649303135692799,0.913677315450613,141,91,110
0.6094668472928185,0.40589717185872065,0.8955127267079219,199,179,161
0.9854970151997686,0.9386878149798076,0.45174591975456313,171,103,181
0.7548330728381492,0.9870405691014742,0.3283080134974129,244,210,61
0.9831196831622866,0.13427884939555335,0.5299155839994126,63,148,91
0.7827101295995157,0.09823257271768226,0.43128540866883225,34,253,133
0.10991211795438671,0.5636887929778422,0.5522839015689383,187,172,93
0.042733695955787354,0.023648193451962563,0.17420262076937043,172,239,95
0.3507502041854409,0.17903881666292076,0.26280689415095015,218,150,194
0.43631673022373485,0.9447593507406205,0.49580279234449276,145,157,29
0.10377423500522487,0.7139523110482291,0.5337185778445752,97,92,85
0.08491500897023774,0.9696393381466688,0.40704423280327573,92,113,121
0.5905650525136549,0.5647745197635747,0.6820000569206837,252,144,41
0.08069490513827215,0.7302748881990773,0.5786843283759225,222,254,23
0.873580617232517,0.1252635102038916,0.28120595912078594,213,74,7
0.9797605921951097,0.7908983636447929,0.412453327393586,15,175,160
0.7969902911594879,0.3380761864535564,0.5180394582351137,53,173,37
0.5898636942425006,0.0941810100817787,0.49401488683925676,195,38,15
0.769847412902605,0.778416649223643,0.35003022039938625,225,9,211
0.8794253050032353,0.013632355069806423,0.6172306827137357,76,124,186
0.30267403515228375,0.9585410346627383,0.9261237870684831,127,156,58
0.7482238498333944,0.5933400425047718,0.11037270294289059,93,226,182
0.4160966087460839,0.18964610837189788,0.5970296524662667,179,80,208
0.45275893273917833,0.9446532186450646,0.1400080867096284,111,85,77
0.49202926210389664,0.9531885676632196,0.14506181092211645,0,56,203
0.7175122925149937,0.769816023208155,0.5731709297041265,255,69,142
0.7798319376041817,0.617756472539108,0.9563028703322208,106,123,201
0.09522048293912033,0.09733616060217132,0.4242262215711088,42,11,33
0.9649526284615959,0.9318425978631809,0.44902731688246766,127,223,198
0.03519810537384227,0.171976489922958,0.39032794434802376,129,176,55
0.47285846134333487,0.7623172356625862,0.4985194985436914,111,175,93
0.8033492757554828,0.8650850964745518,0.28463037183662865,211,177,111
0.1008772508221597,0.9963535388062429,0.02549607725529035,17,239,176
0.3847335676909577,0.7549542052644989,0.026555688194166427,185,220,116
0.9572515963051744,0.7425259105396985,0.8992061189489381,90,106,211
0.5675269517358744,0.06346029775118034,0.24851788445004475,224,111,165
0.12469245199982382,0.39227504825742654,0.6983354119471009,218,138,20
0.6697442915580307,0.5811713528808256,0.2178254683847488,194,55,3
0.1943881685531177,0.23354139696740228,0.1371360678861232,210,36,92
0.4026784263810862,0.648202179394809,0.5752413364245186,215,243,98
0.5646865698548713,0.9805209836799671,0.615227742812605,158,196,184
0.5227942143472484,0.6685438184304768,0.8905482001897256,93,7,14
0.8952141163636098,0.5639795559630078,0.06406712220572675,236,54,110
0.7721452919457656,0.263702964955555,0.649683134532635,59,251,96
0.943992026028358,0.20738726121805418,0.007114114679062755,196,6,229
0.4735441912042361,0.9597936160616265,0.03398329489678331,78,86,63
0.6702687497773836,0.5683838303045347,0.6360781526258721,4,95,57
0.449144685592903,0.8658245969734932,0.9166156007763909,8,27,21
0.31791900970321807,0.8111726924248075,0.7164442828538646,32,161,104
0.21910099025260443,0.4720878393667358,0.4100439128773036,182,57,244
0.6464556218370598,0.5376479306990262,0.9294788102006757,141,217,10
0.9890942836465159,0.7087335557902886,0.17409300949106,106,30,157
0.18542444035365147,0.9379252509553401,0.735887511071323,142,81,118
0.18609997156821523,0.2609416131668504,0.16878357664385235,85,233,140
0.07604598872707458,0.03046959481376066,0.21863585598086155,18,229,122
0.3702674463507636,0.41342105721723355,0.04683568534980398,127,17,244
0.6422124597343319,0.30428311491172244,0.7766698272332847,126,238,217
0.008376030583842953,0.6814582978304103,0.13474377632486145,51,154,111
0.46269180558418044,0.7957875093064763,0.9615976416507296,25,31,187
0.018322054041479796,0.5435801126928499,0.3425672692201682,150,222,210
0.003955974127178741,0.7071008328823462,0.1701020275585946,190,169,227
0.9186915640852183,0.8028831996267265,0.6495251270601416,80,206,196
0.49185398052836127,0.03644700532541856,0.07143907543409933,125,113,195
0.7630922055836418,0.526751657791086,0.1368386411637207,230,218,66
0.8158096424315753,0.1011194318979407,0.7487563159432217,69,94,142
0.7158993966115536,0.766838486992779,0.885896451157042,137,22,67
0.1047856563627464,0.740058878863933,0.7563868797584732,209,185,248
0.5163809087856646,0.2463037390734809,0.06391052850481005,110,237,204
0.5985147311590967,0.47420572287083185,0.70020163866771,214,198,50
0.555081276046307,0.5650838100555494,0.1074514434608046,51,221,27
0.8573846124041725,0.3463454428159226,0.11736945742177496,216,185,250
0.9696637057396948,0.31095087263116994,0.8037764493873902,144,171,174
0.7507832964567381,0.09515682131791303,0.5421648371273592,7,117,86
0.8377763663642108,0.9357734777496034,0.4338619052735633,202,160,171
0.3871639310860634,0.4488627253855746,0.7462127517650942,65,158,72
0.34078831509328344,0.33084968909622225,0.4586000686475499,11,83,59
0.7160251549337596,0.9178506115932746,0.9645589691793601,235,61,44
0.64800429411717,0.8483355687257803,0.9883546546031916,222,53,104
0.7311017826632787,0.04349400845516149,0.21119815463818858,165,21,116
0.6586353814790785,0.2718339230863971,0.180161743273189,236,244,110
0.274705367030339,0.27888091756795985,0.8749277647812816,216,150,209
0.416574375470269,0.746629399138563,0.838774990091645,51,14,102
0.9006795534071321,0.7677245004483618,0.45852205520244016,203,53,67
0.28942274252689093,0.8433708682459317,0.5224032040105254,183,199,15
0.2327284528509107,0.9062316345360294,0.09358488648429486,112,128,238
0.09153230343199625,0.9718584932445393,0.8239490719900647,118,189,114
0.08201533995279053,0.3806599741513471,0.9231299206668407,183,210,71
0.2540430950867705,0.4352789357144622,0.24143316773411316,5,80,34
0.24489601476288247,0.3269545673689592,0.2791617546415559,131,148,164
0.3573041510011151,0.9248053685568701,0.5695519408808529,157,50,88
0.9999865539161337,0.12369839638285818,0.6674009986528514,159,195,139
0.21063750672188697,0.5639253726921633,0.23187405065325328,220,88,22
0.36744459528276663,0.35155313193809934,0.8326820759832277,229,1,218
0.1460128190400336,0.9947510284095964,0.9773980865512425,208,201,18
0.6914760865040596,0.9847648219584728,0.7783379430180706,118,8,83
0.7292704148586812,0.6543958421631227,0.34743908726602757,255,3,247
0.8612590464322049,0.9793234628601519,0.5950987608400475,126,29,144
0.8022088380774708,0.7351962601197471,0.22302271577078303,248,164,76
0.18569841997333425,0.3471908755984552,0.010008228843704003,117,164,126
0.6030340425928375,0.9049233841856135,0.5099816906088364,6,147,111
0.06080321657312615,0.15659768766605686,0.7784217681293575,97,57,33
0.19064821534501697,0.6547039500005277,0.7319263045433633,64,174,204
0.7242433259427081,0.918675486139402,0.7369792669450032,47,164,21
0.20309622295394902,0.689785512167737,0.6023288875468106,154,13,118
0.10864249048003616,0.9510484468995336,0.6754004956474178,212,135,193
0.09267692583841425,0.5585676745805518,0.2086708980611981,103,124,228
0.06380808383690717,0.2521574313863848,0.7133421388665675,210,109,212
0.8619297251756995,0.5144905076344338,0.09539117607141501,190,178,156
0.3536094938513895,0.4099889775760883,0.558319440592308,63,4,108
0.19854048455353213,0.12036157696669769,0.14543749913493864,241,126,66
0.43470158256706315,0.41553714448400814,0.9257944516649715,97,185,20
0.2628417010238018,0.9613162969214429,0.8708109463765459,22,6,216
0.7444215666732223,0.9734012985944305,0.8230339289006817,195,109,37
0.3504810838366006,0.13951363519957283,0.6596936874613123,42,161,177
0.6719456698363164,0.7217415092069236,0.921466506765663,161,174,221
0.9602501702834761,0.8304507347303892,0.921227553808862,58,227,105
0.4348353460630966,0.98047182402146,0.5503463364124496,179,211,135
0.10781488241422466,0.9149855466691045,0.13863991620385185,140,195,130
0.9329005789415765,0.22088163933008054,0.024256834689263984,192,252,171
0.8424461943747971,0.7172389869284006,0.7982094910081069,148,5,116
0.11518616814866711,0.8198241716191588,0.5269311961480349,39,118,241
0.6376919713581733,0.3009700626750629,0.5042425746838803,254,162,219
0.7861682790090367,0.9767644398080826,0.39168966051232257,79,216,31
0.6588358156411503,0.7788761460750955,0.5372431723862828,82,168,176
0.2081537970769034,0.1967140474280954,0.737496102491631,233,194,12
0.8339761547803509,0.353854321250226,0.8237948726789285,5,233,248
0.7500723746746106,0.6681915977217099,0.4064875624718114,84,35,154
0.8399682570453425,0.7008582207504885,0.7251957126900529,171,167,86
0.004511716132805876,0.7561340226729346,0.24420177503255203,158,173,14
0.4411316016490747,0.31031296053588553,0.3152726391641668,136,23,18
0.339283505589708,0.5869283473000806,0.7853700799356572,224,176,158
0.5347628192222252,0.19943497474793215,0.17980368717977957,212,165,31
0.13987961714365182,0.5921001588591588,0.6900959869543775,31,84,224
0.9665885025048866,0.9954592798268788,0.2646033881787868,33,54,122
0.03017891279800755,0.5014660849643549,0.025226895313471,234,159,237
0.3621713827292532,0.26652836289103865,0.004541235589057502,206,138,81
0.4957097174909101,0.8161203949871726,0.20931368910560255,137,149,88
0.6423415159155177,0.509107989491357,0.06327492431417592,169,5,91
0.4007736125382658,0.8323061060628315,0.7320196907429581,59,24,249
0.21679801375042074,0.2540240105596131,0.06706424640317932,68,95,35
0.33743901730821513,0.0712096199987009,0.440340987618261,20,59,13
0.43252321441174035,0.24311264540653466,0.040924239478676294,173,86,112
0.3852329457220621,0.6114941249344659,0.9611833978354044,197,69,32
0.49432092284585094,0.08944878927152367,0.3008174454941057,47,32,45
0.6850964295068511,0.3056025551701135,0.8978994650428258,26,70,253
0.8830925881475535,0.40329027735203116,0.14836133799984486,45,45,16
0.2034314852510941,0.707923074210137,0.6230355413022991,59,13,108
0.3750759432806192,0.6144132159132834,0.30854237309063837,240,200,105
0.9685190120367699,0.20168949195609576,0.32720655129527654,90,148,250
0.8812723584395694,0.7204163034685396,0.9115472157050435,191,228,207
0.04633706261676973,0.18939453284391683,0.289432777191429,218,246,67
0.5360918206737364,0.628064158043758,0.1326744737453288,106,65,66
0.3920504002230081,0.664613092224707,0.12176055811579434,189,32,198
0.14939762469752604,0.36610539683323384,0.002230489760740584,50,172,223
0.423507513292536,0.2147721743572455,0.4046772484179,202,230,188
0.2240885104500413,0.003804186326642922,0.05344369304095353,81,134,4
0.34494535962103634,0.4702617557336366,0.07470187282416385,170,250,109
0.4519662254587131,0.11028891197341173,0.4327829952503227,7,204,180
0.8847484387962391,0.8770250591320605,0.12779942616584328,15,192,32
0.666999392476019,0.07825488711675854,0.49697935229579226,71,131,251
0.44167503198852065,0.6153444615970586,0.653321311349701,241,136,180
0.04332788761993267,0.8210004211051656,0.628255672760067,198,121,13
0.3974377294576603,0.18356803811857048,0.6828703021707005,68,87,163
0.9648269364278282,0.12091198562384853,0.19415203572375395,30,208,198
0.4289713949296027,0.7585750946625766,0.9385327713179812,97,78,49
0.9775124563229634,0.5662117004595829,0.779198230997171,33,213,177
0.16030144364051657,0.17688892976766712,0.967652711766027,77,160,77
0.34541506797909194,0.1161455242524988,0.38096631628866484,36,100,42
0.7018300234630542,0.48713500391525666,0.6255363420881567,102,36,28
0.44081258073077445,0.5743327388658742,0.9898633106537164,2,109,5
0.33057291012745527,0.020622975522264886,0.7840766377000946,73,229,120
0.0937443761030805,0.615025750099363,0.2672513222311065,226,15,112
0.05362918703045583,0.5181724765480429,0.9633849895319333,56,90,201
0.8486159485178213,0.9269280883292463,0.9781733226542284,37,109,248
0.5314497895276027,0.3384193332815383,0.6145662136714208,120,119,216
0.4197194204266623,0.031491337104372685,0.4472640858872329,27,87,222
0.4009488573583255,0.43529785204739413,0.04541014069123783,43,176,198
0.9288738773749134,0.3327224534243133,0.759031558880226,222,157,128
0.1554781627411761,0.058898287760428714,0.9548915905032931,115,0,167
0.10121920261391226,0.714579190591595,0.22531930783455323,105,93,242
0.6131421908186905,0.4826547407535572,0.6782346917617043,91,190,37
0.6977084532803667,0.9845004505724588,0.48993017093459323,175,95,181
0.6741448642653708,0.9111800038930473,0.7351690705346052,169,128,179
0.356484932908393,0.6723886967171213,0.30635055076020323,244,229,255
0.02341122852576516,0.7453854585374385,0.05755910806526299,24,143,238
0.35924572046767933,0.7012436192080369,0.7820317487458764,243,245,221
0.8701084440161556,0.3081892890472856,0.7012887182181098,45,223,208
0.7414822776309479,0.13153415599103935,0.898933667662031,94,122,196
0.7132272613055618,0.06493591228865081,0.7210556773426386,176,245,63
0.5133188046791342,0.2627204926977311,0.21458820714325821,215,52,25
0.20813974761636778,0.23034534525699202,0.11716565741167262,206,188,27
0.015695664692716882,0.8150260311262142,0.3404744167757141,85,13,186
0.9856118113465834,0.7889722509455128,0.6400273139134065,8,26,179
0.04151738728268051,0.1893216476009939,0.8398415722993384,176,56,115
0.5866907990529187,0.0858744453686544,0.28256108129294577,129,80,26
0.4226419622836124,0.9242968979691999,0.28143295251986433,236,252,108
0.9171864608094693,0.4379037304254426,0.7988749189622177,143,111,81
0.6309819181560706,0.6957396554006898,0.5611288649025356,73,102,251
0.4393699259135798,0.17376008560567724,0.5019123929067388,211,247,209
0.9605735308468235,0.11955074142855304,0.09067734561879504,100,181,203
0.981925886005498,0.9650985902539252,0.8659356550804508,30,55,73
0.9388048502736837,0.8272400082539383,0.8597349782325282,196,25,93
0.6630823914010543,0.5494522845068016,0.37767590819948405,2,10,67
0.8110773529848763,0.45445265767687704,0.6078674203858564,65,193,210
0.43386386005881694,0.4431306720441539,0.36758740406580326,169,225,255
0.9800167998068896,0.03295297516166085,0.7723609483650945,89,46,172
0.2821679865382172,0.4053334661909801,0.9581650085919273,91,54,76
0.5712258145170407,0.836236671673086,0.1789498786805983,18,31,123
0.7580430787125105,0.7537665319633863,0.9480303057081539,47,152,186
0.7670487125235542,0.367048199736984,0.8084071770124812,105,222,57
0.7480538657856893,0.8764844700554798,0.22653139837763447,67,89,10
0.34423211580187907,0.0690899263130712,0.26425490439647215,130,100,227
0.21661318293266674,0.5740525018770896,0.35266048729336974,187,185,87
0.7733515117017127,0.18456977160289767,0.2533801939967568,64,77,244
0.647452199012041,0.9775537336575488,0.9660623333501394,151,71,10
0.11801332866579883,0.9947939947481425,0.686401073209086,73,135,169
0.3734743994283425,0.6259089757239997,0.3530390100081414,6,67,162
0.9141369441882982,0.28565880338670735,0.7408979992957613,104,116,46
0.8770720076135863,0.07202586357100593,0.6384895409030106,54,7,49
0.8884467088143765,0.7530309686240617,0.02771447638904223,171,208,94
0.9700623323545563,0.45366575965650446,0.8746156016994816,114,136,79
0.7653294569333169,0.9021381218156721,0.5921257992149225,72,26,65
0.19683238645694534,0.38288408660260753,0.42355837284605746,101,229,139
0.10708395342485222,0.37686927191288966,0.25708804206576175,19,180,137
0.9990011904658163,0.5359533954975421,0.18086134697301415,48,11,138
0.7009840516561794,0.054812631099861675,0.26127019677953967,17,236,214
0.554695624904566,0.1722131664226516,0.04303660726483205,15,80,64
0.4144421458638097,0.41612406481703734,0.7901507612489551,12,146,104
0.6496161611015765,0.6210113738536828,0.8553834465336958,163,130,188
0.7739944358199393,0.049810485226006396,0.637737336397695,111,249,252
0.7779938069978154,0.2427951926962747,0.43986245410456914,209,173,27
0.98673252917291,0.984210934162154,0.6969611862325947,224,241,160
0.5841014801837269,0.7937693363276159,0.46001732732229916,6,250,44
0.964998356228424,0.43521583967089017,0.5500007912551972,205,213,232
0.23726351202672413,0.5417533106527359,0.34263790664935034,27,242,165
0.03601186130553924,0.4342544397052035,0.029507721129105824,249,204,18
0.7788831890328746,0.8222442284667341,0.8471346834038009,200,221,57
0.18513565127260778,0.7250235980997013,0.4266531257310562,201,124,178
0.2464345026199135,0.9806806831967066,0.2282198917745335,28,250,232
0.06185601946931951,0.2780803069458905,0.14129667558412362,117,56,239
0.3055622776117233,0.26179059754770995,0.9597495929139555,217,243,18
0.3767816799467747,0.2916143339514239,0.7164173944547612,49,116,26
0.6261704588309929,0.24634854103089787,0.45744346623863075,125,147,219
0.5158155736608029,0.2930666519312862,0.522542516217508,203,104,59
0.2978702352810413,0.773767867960854,0.8136083161263092,235,63,120
0.3684184003160542,0.013784291684764582,0.0013919371952376691,224,23,146
0.6182898273413833,0.24327559113068897,0.4081156028315879,251,229,81
0.8221697377304333,0.6248305084798155,0.20382232546387324,251,242,134
0.40647175852687645,0.32235295616197635,0.5772486215396463,121,255,10
0.3534984971945794,0.27495721035870935,0.40451615907796146,213,18,23
0.22390028840590248,0.5138292786206653,0.6190495335258848,56,99,158
0.36283650599420914,0.972118235818177,0.9392466434984001,42,83,194
0.3485369656337982,0.3694297365317165,0.6076845134172784,233,240,217
0.7640976611799298,0.34847427294614275,0.5159444975687065,128,241,198
0.9218708929181862,0.23617863280570972,0.8626313305869078,4,170,12
0.16502758621042435,0.47536092180668,0.02794448860866905,253,181,215
0.057317675596565754,0.9960691909983305,0.5535831070503653,175,136,168
0.5683789638018275,0.3469914019020732,0.8502178155326078,39,83,160
0.7901095635241917,0.4791025480466846,0.4104518684661197,183,60,113
0.08123683866092413,0.7583971241198004,0.04387996720250298,112,247,93
0.11242086384871963,0.51840620770055,0.8406395139377297,174,61,196
0.81611611659832,0.7426787427785745,0.5839926925222338,28,44,72
0.9671095638528266,0.8954775627271695,0.8371386961244128,53,94,46
0.8106416428454816,0.6974803900662224,0.3418922206307268,80,0,140
0.593045771593658,0.4582064666217417,0.8693873519595895,59,225,199
0.31223626390305326,0.15371637647723402,0.9446469698055473,74,132,21
0.9385212262086466,0.3382688570997423,0.9054442492466758,19,65,202
0.8267214610176644,0.6097410415130482,0.25929862422721794,102,45,116
0.06976035494836008,0.016663469316352764,0.3049620594036705,131,236,246
0.7481153068295467,0.7662932754706172,0.25107185872459714,169,85,205
0.6386658111539454,0.578189353727892,0.8399960850575929,65,124,56
0.9305838918941226,0.42216882899353037,0.6385962237172511,84,152,19
0.03537514932488495,0.5793231208359371,0.6921935613495681,194,150,126
0.2792391188778707,0.49050169129285304,0.7189092930487951,122,245,22
0.7286866581474758,0.5572654633467548,0.09294773299555081,146,239,212
0.04942823253962558,0.6823161496270976,0.4679339888510281,83,5,191
0.9655396585663271,0.3286326125626178,0.014924052054527626,123,122,156
0.5763982416154176,0.03247515711215798,0.12655372552595956,175,81,95
0.04349703422686291,0.2808826267663175,0.07777804141677391,126,169,156
0.7892109045488945,0.8074824852745732,0.39165366490919507,46,148,85
0.04515624177908151,0.36858348161166343,0.9047436675600945,30,47,217
0.20224650527510912,0.7749751023778463,0.837861722208317,186,190,128
0.8225129343637129,0.3565195237244857,0.28054854098632176,239,27,69
0.00909193286134169,0.14945351539419793,0.03240453017384537,242,201,24
0.06132016643882254,0.5463538558381227,0.33315831975782007,173,185,81
0.9595502415500725,0.28875875857501776,0.5447802990285331,253,29,119
0.1882278752613432,0.8967828911514728,0.39495203890672914,25,93,241
0.8380922618693056,0.08827590633688975,0.6080295520919671,221,26,51
0.44563783078149255,0.3354477708248772,0.1746831245692969,119,138,46
0.332826984745497,0.4771940287718398,0.1741132717153414,45,60,212
0.26257945181315434,0.6245297645981343,0.9207764923881475,152,234,151
0.10161161109894168,0.36033789648658876,0.3420678267932965,180,91,18
0.7883358356398856,0.3759386675727576,0.7490939222365827,186,116,105
0.3637559650455088,0.9996548890997614,0.9543150136753207,155,43,241
0.15096549663235925,0.3611907824337317,0.12452509961462255,149,191,236
0.38600228179186447,0.2071324903488342,0.889147780806359,134,152,190
0.585579894807993,0.2984236989121867,0.7568470248962046,49,146,191
0.24736649966689384,0.7024922132650979,0.43029587015128423,180,220,92
0.44253311035538345,0.6795388333241705,0.9518235586365066,44,24,254
0.5740651956127741,0.23764455133358164,0.6984016274777008,90,87,165
0.4473619857516914,0.42091518823225504,0.6689443968346642,230,153,83
0.41680777358474463,0.5455792534180227,0.8073915580133985,75,73,169
0.9607798503566896,0.16325288808108485,0.20654184381990603,76,137,219
0.2962231219984417,0.8688846554511979,0.6411511861203293,38,9,166
0.6070390596049398,0.32430272341471034,0.21258822785051135,0,240,166
0.3698771688219613,0.6855546000588756,0.6542276070261006,18,227,56
0.8967377525187162,0.890514417692818,0.5055926794125234,116,25,24
0.12738851661006545,0.6013609838525744,0.643612987660911,159,96,182
0.9038017013000409,0.6245100436478613,0.6380726437880874,35,162,209
0.6078303038163103,0.5739743631484086,0.836696478023228,160,142,216
0.9656688127412925,0.8222895992830229,0.47416114698033573,109,95,202
0.5889476185047223,0.1751643938762497,0.6750543524095018,67,61,211
0.6736823890120214,0.37412836461569665,0.25823453826706166,114,147,14
0.44354717776301866,0.9371916098857007,0.7526135190274149,202,236,110
0.029235862373024446,0.011297746753962667,0.07183972324378751,110,172,245
0.05146356656318973,0.6057898447025153,0.17324458545818755,54,229,96
0.983133237091076,0.3187075704703225,0.6117640278355949,181,249,201
0.5392012382738477,0.907420408566138,0.7291346643411296,9,158,91
0.04552254613886142,0.5059251926717105,0.9004259300973685,7,35,25
0.20084009770840328,0.3465492319508018,0.7754710863257839,240,171,81
0.6726467049780763,0.022567941211849796,0.3424376385511644,145,67,99
0.6916958186117769,0.8434514558797491,0.9673620273643182,193,14,68
0.26125457692474885,0.0702063748003573,0.01000211773289994,68,252,0
0.7372915044101096,0.30582155179509507,0.03212522144246954,43,40,22
0.2343783478372109,0.2879816599256966,0.29226811629019533,140,18,134
0.698530995772428,0.8825853155208871,0.40131709915953095,156,235,161
0.5188253065940734,0.8189692799890628,0.21612137421334054,236,32,62
0.3933177479248887,0.08915379746572494,0.7667082163397222,166,20,13
0.704799360261709,0.7924742101747935,0.40669945381775174,125,140,189
0.8882696382022304,0.0405350111700975,0.11845071631984472,33,120,8
0.08683355111846403,0.09224661778655385,0.38621848667585645,169,197,224
0.7870708651186509,0.6580709893144102,0.7279065957802298,68,22,175
0.8764353988644218,0.2917002681073031,0.6291353226338463,90,47,173
0.3159203327568607,0.6916775030671147,0.9150842110504146,17,197,169
0.6262124524710765,0.630265893405111,0.1643128801806989,190,221,88
0.6985933154237071,0.10599846989170492,0.21235183607754282,104,179,49
0.6806714940531724,0.20082203130502618,0.436710528561873,234,180,131
0.8265932272637592,0.21700397419380268,0.40632768726324153,20,125,215
0.9709038907163748,0.5636213255880799,0.5002498850382209,213,69,99
0.20751122200908712,0.5212962946516195,0.779920478574249,201,202,98
0.5593876851547617,0.9496517470894649,0.997044437899117,8,108,9
0.5640769843760239,0.7527108024021528,0.1924230117918555,188,144,212
0.05132084654586755,0.6214934076205474,0.26615722200749414,96,146,178
0.8513899803920935,0.6013967846046354,0.04187237420961032,70,9,62
0.7825528214510543,0.4717530807149649,0.15758638172637074,126,29,48
0.10583254465592129,0.48562331327022135,0.10288193834637038,254,175,193
0.898512163044196,0.03525484131863521,0.751314496544766,43,70,114
0.5453647870425559,0.9665923816326684,0.031067378668282908,98,172,116
0.5030707376541605,0.886387097052634,0.34328091667419725,160,69,4
0.660667511859523,0.6812053484350099,0.4643934389126433,227,129,6
0.911271717953736,0.11822045048958807,0.9910826090898677,32,17,96
0.1733768140936648,0.3714301443187106,0.3962508050337382,80,195,188
0.5757614473314802,0.3154866827898466,0.809640389444805,194,16,40
0.20644082281129783,0.22314609449818235,0.5384695228652833,180,166,5
0.6157926808162782,0.6251355461135221,0.13282747707239584,113,129,134
0.02316837156691509,0.648013107585169,0.6766637572504522,105,80,72
0.8527052833260763,0.6316745577032433,0.30585380136700513,220,76,170
0.7595876901858274,0.316119348759632,0.005197604749032081,63,228,13
0.06897534542406325,0.9932631599112762,0.27678371337741703,170,105,139
0.3497463769413297,0.6698186468919615,0.8382422084780892,59,131,191
0.7614795144349754,0.3307058938423022,0.3270740337421367,32,96,86
0.9098654307779203,0.3232771889057605,0.03667545537750849,29,254,204
0.370425178796838,0.104453164513994,0.03717253118930508,75,28,12
0.4347456005450784,0.40318135533775123,0.35260178413867693,216,21,171
0.9463776364579687,0.47216382022553727,0.7473502830525943,186,46,32
0.33933320039273984,0.5165768982942016,0.4430049406608729,240,105,179
0.4424535935349726,0.1355091132958829,0.5889748316385138,207,116,172
0.6726878427609523,0.4390449651121776,0.7823348011808628,33,213,29
0.31176057975544935,0.8056571862804369,0.682480688645934,150,184,128
0.4627386207481351,0.574648046754975,0.414183249968228,150,127,2
0.4751301076691252,0.582549797819145,0.7057883237923563,218,23,198
0.31760388559508423,0.2459253783914349,0.7771846301222266,171,93,124
0.8851113207596888,0.2093222110080647,0.41175401766332953,177,175,235
0.672409273530465,0.048369562946909084,0.03623495852450864,31,162,111
0.8251415783904724,0.4264694538920113,0.6371602643392507,223,92,26
0.006912182889430407,0.6206764292192827,0.5058246494349998,120,187,232
0.6756822577545786,0.11623453731018696,0.16466453548769444,15,68,158
0.7654157304105217,0.1665380987656162,0.692743724888837,64,138,46
0.022767706304420376,0.3822155483118985,0.26916440877920866,0,75,60
0.9922976153109719,0.07150988342687004,0.4165342941194369,226,116,90
0.7299360591165428,0.2748145291038888,0.1809757253663079,35,243,129
0.3552621449382376,0.8985748832194969,0.8540270127292077,29,146,122
0.6705206304731886,0.34844852532952164,0.9025057970763182,20,40,126
0.23862480989816548,0.8093178549749431,0.3544502288615735,146,160,207
0.8910951879507446,0.5864230642425144,0.892394960541143,230,233,138
0.5899193340783991,0.9486428208950785,0.7160354655317498,136,202,118
0.08073099842548281,0.5394785549056301,0.9885938899131079,75,203,2
0.6217467384167137,0.8310082436225976,0.4880402473625377,118,103,82
0.5807437513089343,0.7711173250471226,0.964628606861089,10,208,22
0.09300825097830667,0.9040578248211621,0.5197499398609009,185,32,181
0.9128014543008485,0.9604332119216176,0.7256653536842796,212,152,219
0.04108586503521472,0.9396912560208303,0.9927179208179963,58,33,160
0.8524938624299314,0.048238892115206045,0.6647640929730734,198,165,126
0.4577282855202741,0.21628058019260932,0.6532460490255984,234,251,178
0.4105643509480362,0.5978618221023769,0.8906225399172625,251,228,86
0.44569973617115033,0.7818412445826183,0.7984741360815311,168,101,132
0.7535179782538127,0.9762390211990803,0.7475935302095448,230,199,91
0.3268010101631629,0.8392154997802469,0.8958413006708971,222,30,225
0.22849983231704918,0.7648346135696401,0.23073814123413539,150,194,197
0.9731792418566256,0.5871373725551837,0.027968826974881678,40,191,175
0.6525624018831151,0.35256028138420037,0.5937846908201552,230,149,232
0.8656824029226188,0.7044126584336937,0.8678617306768841,42,235,132
0.3100535213488431,0.1263589408869662,0.263339180742712,15,253,120
0.9286438896488943,0.424144377083825,0.7664119105762305,251,232,12
0.7324618866227478,0.8194584388682882,0.8654391330264157,186,87,145
0.4740893766496823,0.8064986488715233,0.8050293034114709,4,81,160
0.03250573392937961,0.3813314921413765,0.8914516837525089,77,222,204
0.4014865649349205,0.6462230810033044,0.4178652297931813,71,193,82
0.3942674025751295,0.7515357961980089,0.45532685330208744,215,228,69
0.7079665629862879,0.06682862094224551,0.5072139067669372,176,38,53
0.04251109817747423,0.4045739952063515,0.37011787060115064,83,213,60
0.616055623698553,0.14843603812548356,0.8897035255593848,156,34,144
0.665077005553362,0.4228610326625023,0.868133911748768,96,27,129
0.8872688675736397,0.48210164409301903,0.014428027501045437,165,106,50
0.3435591092292821,0.16941468577844832,0.7791132154951746,90,238,107
0.4446742708977015,0.7418205692844395,0.5486648914616573,136,132,78
0.5818306651199072,0.909862656695142,0.904792982887872,101,229,71
0.3796422830187264,0.924288311196064,0.020130560874538572,181,65,89
0.49628194025649075,0.47866607127714333,0.690563824618506,132,246,107
0.6643310032735696,0.8966995372574496,0.4707778108531393,26,156,16
0.23802741185980114,0.35382369824648874,0.8327101400157463,221,159,186
0.06778205063583098,0.002965600036251015,0.2582365861322802,203,66,146
0.38297067938426654,0.40338334402221065,0.3873463339226175,8,255,186
0.800689081336992,0.6363041586845882,0.9375975489385282,30,227,104
0.27927461953084887,0.6624838109569257,0.36558959147334347,98,124,36
0.8487640595251158,0.6178858858301715,0.4033594818540993,127,107,4
0.9686935778573899,0.3786839354651088,0.5471430212531441,227,144,220
0.08703610265287232,0.5252395948627225,0.7853559933979802,169,12,105
0.9703955426945682,0.3570786942689861,0.2747861625795839,246,17,6
0.2875923096632945,0.4484357609626678,0.43251184497691275,11,77,164
0.20551613220031517,0.22862444785911107,0.7569589327328936,183,72,66
0.3388356405922913,0.3075261473393647,0.4290723994075297,14,194,145
0.8836129853757898,0.9740024889208038,0.3199128231297007,6,95,168
0.003061537519417179,0.8459042579291556,0.6180619311898234,122,199,164
0.07424243183149026,0.17775404003044093,0.07684729450305006,107,195,173
0.86286130412757,0.5281492225293358,0.9135256954610131,162,9,147
0.9706837689481794,0.8910667657333377,0.5943373015227146,254,146,202
0.3000841049225078,0.9941344871285999,0.09692923933772735,167,66,252
0.8393002877920379,0.34845786298928116,0.6860294409779218,193,102,67
0.8971220196329696,0.8219975660145081,0.8135630784516674,140,240,243
0.22634079951016817,0.6262736716848102,0.937609830548013,8,100,83
0.6703641852632085,0.8126314924486998,0.07416006592495905,107,173,131
0.2713271040517473,0.2179591523925647,0.2568683942792135,47,72,69
0.6235531634667008,0.5218878162925782,0.6149371305501735,126,0,65
0.9905381810012944,0.08414915762114039,0.6025221611834077,111,195,192
0.9650554821257963,0.9994789554395594,0.5031591542229199,130,40,31
0.30979745899884603,0.29648326682886383,0.027978298918974853,196,47,21
0.7564065978256972,0.1634749498124718,0.20546465256278956,47,178,51
0.4666108063559885,0.46487311822899235,0.17657247333083426,102,85,237
0.9570209562509446,0.24838546011556062,0.9474996546967345,249,231,73
0.24690910225336926,0.33226100262704394,0.11991323649722596,76,242,179
0.21468781856737607,0.3964427696172459,0.8374603907890615,202,253,225
0.1921526493751281,0.9002362998115976,0.2614788630052507,219,28,155
0.4293163173277218,0.9616772415362701,0.4548615069513421,3,30,123
0.6658288261493583,0.6611573294076657,0.9667412830909003,86,214,216
0.7348473610556744,0.28546236958030025,0.7059121246014801,129,193,250
0.16945347529758625,0.9882069266993085,0.9669033000753382,175,169,25
0.6295127845759364,0.5137193747568782,0.8469665344953863,237,217,125
0.9640091404716317,0.5836718408455099,0.42468883171724703,241,126,222
0.1384114990872487,0.7049246865844421,0.4874209820566422,235,51,106
0.875463602206616,0.6405599503773269,0.21006683348334365,62,65,65
0.7146712636652337,0.4424938935805377,0.9027674000508947,240,199,69
0.5292292650475694,0.12138163884134556,0.5580345239004443,120,203,166
0.9174710140182886,0.4262122504841567,0.9566783271269029,227,15,50
0.9839958463388044,0.4101926166726173,0.06558508779376249,3,203,162
0.7111895203684585,0.3288315212633973,0.9868871094493946,17,91,66
0.898154739632517,0.2652791884523855,0.1937443272092365,166,100,190
0.1770051908228406,0.6420816000019389,0.685354602827457,250,168,121
0.7260705934557039,0.0745165958655607,0.7815504682242956,97,101,33
0.8632058239145878,0.5396248834429499,0.7442796156413706,114,125,186
0.41192422997619715,0.10508462438263833,0.9433174675970303,219,181,2
0.202859410132727,0.19963342771137804,0.8669567652409631,140,22,180
0.07927185579841556,0.42289236359559357,0.24846448399337528,156,129,93
0.16552004295543765,0.5255555330929373,0.44526857471536707,174,78,189
0.18392086717531686,0.505300311687875,0.5983702279924827,201,45,116
0.8999143987629045,0.1328426573077338,0.6325259249834148,226,59,84
0.7959039572820777,0.37465292916135706,0.37359155027032664,0,15,7
0.7605604590153247,0.6821475695032306,0.9365942473380886,245,13,86
0.6976542679484834,0.5122439375003057,0.8158905557810545,210,121,245
0.1330634536355546,0.27547038808364255,0.5548031184125017,112,129,240
0.6630846728404574,0.9399621100305369,0.43850262876165846,167,169,48
0.6709945558032804,0.14155688676465794,0.5392258805608987,94,166,50
0.04004334867185677,0.9785331953370222,0.22841307454594761,8,61,28
0.711870640833038,0.2472918221514706,0.6482880301097783,76,79,149
0.24443835087778532,0.09870315932540319,0.004758575941613441,10,248,18
0.5395520591788744,0.7323523569473145,0.24379194663287085,210,139,175
0.9845960993536492,0.619162699231324,0.8149903193450364,212,214,228
0.9052561875130322,0.26067264470257157,0.31374863538390096,156,22,43
0.8742559254555189,0.8303909890931167,0.9447915641840208,234,52,228
0.2766447900957174,0.3303647421813437,0.8280111189469295,81,22,68
0.23525564871775861,0.1457829799588295,0.5706158236710029,146,117,227
0.2865134493103425,0.6905767982498517,0.5813018109873748,14,23,122
0.6080507812574089,0.45762035038478277,0.8926667573686757,104,86,237
0.8651686375408052,0.8622067096191032,0.4929257159208813,78,240,221
0.665940588265204,0.6601888016136536,0.49542561916937666,104,229,199
0.9135438923520336,0.9870135790013124,0.8350927770530397,240,172,148
0.2993094720523606,0.3144052319279028,0.9633488651185508,65,151,228
0.013631751349906018,0.13477903738823238,0.7642385963442908,44,40,74
0.5472107609264077,0.7365426162654367,0.14649279097536272,223,45,80
0.7923368757292907,0.025950904639945316,0.9902518912359075,108,115,84
0.5145094583255425,0.6816953543319766,0.9845706387769374,94,19,28
0.11227714245134512,0.9704448283054209,0.17069303714435702,27,183,251
0.7472943853120845,0.14756914463116566,0.24726100389731231,48,105,23
0.5239321025065216,0.8049750180192664,0.7733490884071712,29,81,218
0.7768317922613583,0.2457713756962413,0.6202739876814716,23,190,220
0.27075640528127254,0.6833047065808374,0.40666317124376583,90,162,194
0.02893384388626996,0.6242131712018159,0.948188419701516,213,89,165
0.44818585305330794,0.2742116130027078,0.4552435424985911,111,209,226
0.2806175144742449,0.5343063700913689,0.558276598923859,35,78,231
0.0662668629215386,0.6713220313361671,0.8735631320835777,16,133,164
0.13632909512807634,0.06021761152081406,0.05229954010498905,13,90,248
0.36579748986729455,0.4278892514384842,0.37997016450421894,96,228,236
0.4780333226759791,0.07229240388840319,0.24403105327810493,166,226,239
0.180378504590627,0.10569887824079949,0.04623663006850909,215,117,255
0.5784389230032848,0.6821033357678637,0.9047685511637228,237,109,221
0.5427972558807106,0.7563062320259074,0.7409307518963345,67,51,50
0.9662366573196864,0.7417570930385157,0.9730013043706791,233,166,112
0.30111052179062403,0.790618711537118,0.6111259638705173,111,25,55
0.05655431277317524,0.22710210470755632,0.6926909725876224,207,120,242
0.6548237831476534,0.8291408714701377,0.7291485574438352,120,30,163
0.6992661222832932,0.38542901966118026,0.800918089852655,171,82,11
0.08441963774043726,0.860176218842957,0.13509299771163208,70,115,94
0.551272743376956,0.33011306529758067,0.5350375144059599,152,184,215
0.692036275434178,0.3267924693881209,0.29978867863237635,160,68,153
0.2234206050497345,0.8390138542341586,0.8865982628732347,142,183,155
0.777254270917333,0.8232382038692028,0.9763384318314919,130,53,82
0.994590217788558,0.7068599422417587,0.5960604196990307,211,34,194
0.6714765740680663,0.3419214157868734,0.1969232663510342,198,194,9
0.10369536317308425,0.9603923071445494,0.08858524478181651,111,245,207
0.6602353327597479,0.3845149283434628,0.8774665446469464,221,120,86
0.42049653410708243,0.0770361620834299,0.529066862451782,156,15,163
0.9604553464284816,0.8039166798832103,0.19043014879045306,71,167,60
0.19486417629831498,0.9763750676783639,0.8706828597203262,122,109,217
0.7496008463125452,0.09485009128063648,0.9682769100116471,187,212,149
0.40951646009898357,0.46032043764337305,0.5818764655134856,219,99,198
0.9403460949551553,0.6799135174562351,0.4550816790232932,169,120,181
0.12734960312729393,0.630212246066236,0.13972731814284822,157,199,200
0.9552164215274144,0.08823849776264003,0.513926520890592,180,25,133
0.8572882002688437,0.2137823548191955,0.9416295336512126,232,65,100
0.2771819705405433,0.47316274702638583,0.042844731572518446,2,16,46
0.464154077170465,0.5342791003090374,0.86281769726981,209,32,217
0.9912497381947377,0.13348385740121305,0.7790939036161508,84,54,206
0.7906560825412877,0.7205483480900985,0.5234200041629209,82,238,22
0.7950645592659615,0.4504800534292004,0.31325870437610326,83,235,243
0.5356126140544811,0.0023424131514925284,0.6566914096187122,56,42,121
0.9266611068756874,0.6905457385443781,0.38369897738691094,231,228,148
0.0008363328434538575,0.9670835447889482,0.7664143227047843,232,243,90
0.29515117759370324,0.43771229129681455,0.16246350114301455,237,136,227
0.14309907266356658,0.3659222631801853,0.19834315591802965,78,143,48
0.9111320725475651,0.7484823801719682,0.08519234474469162,160,237,20
0.30198156521460784,0.2580574619569336,0.09748084277730795,219,120,221
0.9905358486447056,0.23269818909385998,0.5629316485405917,158,41,227
0.1145818837585657,0.36613992685618313,0.3339510527402574,193,171,242
0.19009239595516236,0.6491731310905899,0.5400278036975151,83,136,1
0.25750777364248567,0.15634178367331386,0.4651935742105384,255,101,233
0.8004786590150089,0.4097893203797712,0.16435641850548544,191,155,187
0.4816003394853434,0.2274230370757846,0.3413709294772883,87,1,179
0.9581971081587304,0.7799834191703658,0.27457149693212235,69,235,245
0.2256313845062926,0.5983515897481666,0.4925209425297986,157,128,205
0.20888611447378758,0.030852601722754613,0.8945916838805664,110,96,18
0.392516296551781,0.3087079407864002,0.7027477851215613,153,114,101
0.04645239270657142,0.7813958834559007,0.8481611009297322,154,88,54
0.10092493532054803,0.1918250389485907,0.11155668483557113,120,80,191
0.38251815292022806,0.40489451336649873,0.5813308926718951,196,241,95
0.5636304355495046,0.491705812758206,0.7213868803397371,112,21,29
0.06278712984419732,0.8486997274026907,0.7983224648647597,78,79,77
0.6486034983244087,0.9782711854661506,0.7027620403261923,89,77,224
0.739980744876242,0.5943055457135423,0.9713772496137227,191,129,167
0.24587305298944673,0.9527823419734389,0.4855841143502476,136,163,120
0.784172534771347,0.7323414882098455,0.8125621596797646,12,46,86
0.016884710455194796,0.9309091402806798,0.6645519726671876,248,218,254
0.7741397667662561,0.239716471185347,0.36728275627043394,247,235,129
0.6310474852318575,0.7490168070967772,0.3547345962632277,228,78,53
0.8056047966988578,0.2508771545187215,0.6847063143554477,13,47,32
0.6387809540581988,0.47312271774835846,0.3894104426473839,182,224,255
0.46127306658152545,0.6232636095712382,0.5881930642747477,94,202,177
0.12925806134599593,0.8775600906955502,0.8049180258009153,149,24,29
0.2847964427216809,0.5459986705424328,0.7952605074021862,139,82,201
0.02701164970449199,0.8017499470436171,0.7992466796416375,9,9,163
0.15619014203111836,0.35129868015370913,0.5773863331515615,178,124,213
0.32635663794355363,0.845472619742338,0.8984671601353957,52,163,41
0.839231686234055,0.5641606725982662,0.25892979746714906,138,121,196
0.7055890789315715,0.8075301491812897,0.3148262555208349,130,17,171
0.6552652860321457,0.38136265509447553,0.1553953110257028,227,227,132
0.5406296306931823,0.4065485636953281,0.0135081885800864,135,116,200
0.021327795046543807,0.8884037667034134,0.10638304266630938,119,32,235
0.04569770522934058,0.932816385525102,0.8104301768978078,229,55,50
0.02343724493329824,0.45493043992571625,0.45711368324877333,108,214,157
0.9697104799073074,0.29173366500267883,0.21364355050689687,85,210,212
0.5865650787152528,0.3395617429063805,0.9522336217786502,29,85,160
0.6829141100248927,0.9983117829037436,0.6449150198185334,100,11,95
0.8323371251562094,0.08193013220746082,0.7121228414690669,75,206,213
0.1730670197872607,0.8777045957126491,0.8966075169359979,191,211,14
0.6151383807495161,0.7242472854820068,0.709016764063835,102,203,242
0.3226794434937327,0.5534701010062787,0.8455493903822023,78,130,0
0.6059485043204116,0.15540400522797326,0.2850192858237479,22,1,37
0.21913577149292884,0.09559446709781483,0.07515823272735334,33,71,51
0.6352098750966916,0.5937662472123315,0.7854829404726514,170,22,156
0.48839183456854574,0.00136374087824509,0.24735347528018503,212,99,44
0.007653895551408274,0.9466763551275361,0.8495770259263328,109,42,14
0.5418896699005783,0.5302830105964547,0.017244930474148212,44,213,47
0.0525643218112577,0.5677227689354397,0.7471320936824458,102,168,169
0.10216720313586558,0.4318378818805204,0.8079749726832977,9,127,89
0.4797677297025045,0.3897013226059851,0.2695304613532338,132,255,98
0.710176706800721,0.8235203568259489,0.8173214300942766,185,252,66
0.5985573374771206,0.23452359589634086,0.7750153456087365,172,215,64
0.9544879703975061,0.5404071155581055,0.4170153723100829,230,86,40
0.7457516003706932,0.9663394864778954,0.14478720326579053,125,51,242
0.6770240446038087,0.38751902018867845,0.34621393214835205,181,127,129
0.39511258394360116,0.14164101269751372,0.6810319262011152,168,116,149
0.634473902592007,0.2478017312761911,0.17456582424267486,13,179,135
0.7721925269067741,0.3849537952245007,0.07192629562805264,188,239,79
0.9031261215540198,0.9787844613600831,0.6592174931160042,79,40,101
0.7402960318234028,0.1336029205739453,0.5690184364132252,141,212,65
0.9960435100525715,0.1670847527693312,0.26389832969312643,167,117,93
0.9759884463735476,0.05379119613318917,0.1388880410868233,102,16,248
0.2727942013425274,0.5646947765890155,0.6205302723125593,57,126,179
0.546679605967141,0.7587640793986037,0.523414545351665,44,94,233
0.3983753769918673,0.15457480448363237,0.11836679041269349,219,96,89
0.4319305735525414,0.3223245693335268,0.08202492163104447,235,95,177
0.3593666920437294,0.12484123770109878,0.7823437758660435,16,179,183
0.7524312160348993,0.1621352493930054,0.7766990159465855,213,123,46
0.513320891731762,0.6232493147795545,0.17760202919901646,25,215,211
0.3772400535669894,0.23187857212034968,0.8204114854446974,198,7,57
0.308497772815129,0.7752845579999765,0.3706791638130602,159,184,189
0.1650453902193184,0.20218493308937835,0.39620588781784194,57,174,117
0.32004752137875814,0.2747379773059212,0.39440966683142653,85,172,37
0.853186287627938,0.7498115374365879,0.18606566494339594,192,184,184
0.39844951473289003,0.6592467691648471,0.5034803726739014,75,161,190
0.4476332326592086,0.8218297505887863,0.0764364607026885,245,58,164
0.7947650863093744,0.2844769214214331,0.8850459429359068,247,226,89
0.9939177555230113,0.24269544194910453,0.10510266062559137,187,226,102
0.06221030863569843,0.7302396100720977,0.15595970786558255,180,203,172
0.5006384539151965,0.9342080279670212,0.19549163601308828,158,59,152
0.36848678846224636,0.4517315181683308,0.023371104779189578,47,245,165
0.0675657807245551,0.01230030733370191,0.4978149072135851,131,114,160
0.07504443481764034,0.5141959845449995,0.8753483725323976,55,11,189
0.5880146354451588,0.7686740347090771,0.18383549105389474,115,11,135
0.6204458338565226,0.07599211871763178,0.13336196137834344,225,165,22
0.7851421118584656,0.6880412704890903,0.01646749614863252,250,148,94
0.7854782617696444,0.3032535523678287,0.7364432742477987,182,47,61
0.3757975882841261,0.34851429165386494,0.5802246573328783,34,148,186
0.535098419991,0.17817379801287203,0.4022562784820619,53,233,130
0.5578315738719422,0.5807273501419773,0.4205993850405415,18,75,131
0.4592478138478234,0.4338333897096771,0.911125204782902,158,136,20
0.8412901731581274,0.37010116681095095,0.16377815324790057,65,179,34
0.13979484995583036,0.7337106164159666,0.07499023154856,200,137,60
0.3539441919406675,0.49175068989538984,0.6652162005525397,213,109,246
0.45501976343920625,0.46053294933898903,0.23643880200646095,111,189,101
0.1434182338519865,0.7014418981559621,0.5320056573112092,120,22,15
0.7162231585499262,0.1545559279127131,0.09982666833549625,169,76,119
0.5455347835127755,0.19763981979351664,0.8985804562242828,125,190,90
0.9900466945098192,0.7814636091168228,0.7613702930033198,112,46,72
0.23811055874549059,0.4178591580688116,0.009774590478565104,67,34,111
0.9683248277452349,0.36307026335575965,0.018820753225202602,197,208,10
0.6441968456708617,0.6831375572094047,0.28578104437103646,6,252,15
0.5161107342248553,0.7344935592468523,0.7057683172431045,162,88,98
0.7417613234361868,0.09814809453638618,0.43221070853724297,52,228,77
0.5138325613012105,0.8231765847036493,0.3738811611514513,145,223,184
0.6075487236053018,0.33210096166937764,0.8456130669681245,19,217,221
0.39640665137152,0.9417832183704948,0.8199107258778663,139,240,167
0.9663075487052647,0.5663474400288878,0.9084175721134071,12,138,229
0.8020731438706814,0.8092473054491293,0.9826949007344518,105,50,193
0.025299322845414585,0.8354068542154929,0.9553326059919096,231,108,198
0.8283367177530583,0.29528765027370696,0.8280538712358336,7,182,220
0.9038146727148227,0.29273271369629916,0.5600810064557139,250,143,75
0.23217964067601193,0.8597929543003711,0.9212293911531099,67,100,31
0.3085845579182105,0.1308433143233616,0.6835542390947226,194,84,205
0.5085107145143937,0.5952630663483993,0.9694346578334613,101,207,206
0.9368788510304739,0.11933635276953303,0.8264521519393001,98,93,251
0.9715097860505405,0.13197075678543868,0.13963365671646766,16,237,105
0.24136059625240347,0.871308775341947,0.7330926082638424,120,81,122
0.7806712439347854,0.7518116015685202,0.622927428990185,106,80,126
0.32073417100117574,0.277731779863328,0.40702309959899297,110,113,16
0.7576583481079237,0.6045492316571425,0.43748094475287314,12,113,112
0.14959408145603592,0.10662151113497464,0.7480733457995478,15,149,100
0.2998033080329251,0.6899970214258113,0.6131997172630987,195,91,191
0.48349157508278895,0.12714615367296445,0.9014696554273303,42,177,21
0.3605854922526208,0.7921658257535031,0.5745398007434666,165,72,156
0.7950515938456018,0.27333494688717264,0.9005044892469121,29,138,118
0.7836080983877947,0.9434683475751547,0.3453768004587442,205,36,94
0.16282429473286852,0.7949783244408645,0.1286298507851641,27,146,147
0.4814441145384146,0.3188163712239084,0.4896094770710706,70,139,174
0.6477186221993544,0.3139918168484356,0.5118328586997767,87,9,149
0.7462023778612309,0.07660695565875986,0.3539279016255351,33,144,14
0.9277453111126809,0.11200065050828478,0.4355893346794315,92,186,45
0.515507409645856,0.9049597813812247,0.6011688839510858,224,122,175
0.3533717475609476,0.8699733226019261,0.6510871299105678,75,230,181
0.7751813919497129,0.09888073800468222,0.5675900850614104,96,214,232
0.013768143164264224,0.3733238260857852,0.49734988050169593,195,105,1
0.12911356372824334,0.7291394236420129,0.538176581760895,166,171,39
0.2613326683454631,0.6415379562255502,0.47796915380963745,53,112,94
0.6815628910034924,0.46004654844771553,0.05845378342534213,119,237,172
0.6575716178685176,0.22747584182965586,0.7478909859541563,88,254,237
0.5746880234943168,0.8042747594841075,0.00437752325830032,125,192,42
0.4075825138976754,0.7871974037251356,0.26585683973441687,190,19,44
0.4537266953281801,0.39409930109187463,0.024806456816523603,212,77,35
0.030099223058647206,0.4941927869366727,0.6007095086719955,59,214,13
0.37379660108892,0.13059884779810405,0.40645163005030593,200,30,195
0.11833272323336308,0.6005165233771652,0.8524986057254836,54,246,42
0.18005825510770246,0.40062690573249327,0.013040070490423439,104,122,79
0.16340289068310787,0.19280527038029294,0.04695708026013201,118,68,191
0.5708733085421084,0.19493235304713985,0.8071208607356302,149,183,67
0.2053285720249517,0.6472468061536889,0.39468736613347977,21,12,106
0.241281776463515,0.06588620563858039,0.654066316705942,169,244,82
0.48801676443652864,0.01802066341110853,0.6819944757867848,66,213,254
0.04151497836557683,0.5599858983922698,0.027044898194441447,7,141,229
0.23119341530603965,0.012913601383742201,0.2668553713045172,172,231,217
0.4633627240876662,0.11489240146339097,0.7793139388649291,248,147,3
0.6811264042518226,0.04253830695501637,0.9831067755228523,0,185,157
0.5100450119519258,0.6911240912069407,0.2854788067420897,45,251,78
0.8627338136723457,0.9673380984418832,0.2842943319593306,94,57,227
0.5495523337516091,0.317370178993314,0.33080320356739257,125,95,208
0.8866511396893464,0.33156619564235,0.9949153753972099,23,72,64
0.3683650606647667,0.026150600419882375,0.13661408790976026,111,83,91
0.11766260446237486,0.2773857443197907,0.5245733201731422,122,164,144
0.09484901725230632,0.31219737754143884,0.771783171142011,134,195,97
0.6006989773446546,0.9385899080767067,0.5120581951160985,68,251,217
0.11548692725435139,0.606015130112543,0.7387731747496668,36,68,192
0.3153059541595675,0.947383124771163,0.7046872799182877,93,205,20
0.05148368909228451,0.5958358316437251,0.29325413452124194,20,243,95
0.474607796304911,0.10855243587296026,0.051046659193939914,60,133,36
0.03712563340547492,0.0029907060027802856,0.17717721855516155,0,24,38
0.8063158902659779,0.9936520799146779,0.3090399590304206,68,87,12
0.917078163885423,0.14214224559694033,0.5833032017730562,145,90,29
0.8638855252229034,0.6077030599567808,0.6272908526911646,101,143,122
0.19359841936772748,0.6291390293990909,0.6417353647367037,51,168,225
0.3591031893927199,0.7384051458679153,0.5833152315828375,126,230,38
0.3306847029945018,0.0718114180190047,0.3055524363783828,245,196,151
0.10823783753231875,0.41461747675886007,0.22488493171040136,210,147,172
0.8012165721972273,0.369192626671932,0.09266182596782535,196,119,83
0.41856806378989764,0.9849242478189608,0.06603569010308508,162,189,83
0.4583285913646168,0.7123672701008166,0.8633157400513706,70,140,173
0.20291965200212703,0.2579319507343375,0.2707621802692073,247,66,133
0.3607851262125691,0.2893352777762488,0.9109343780035378,52,12,113
0.5108513089077401,0.3982397702643443,0.19812527137033686,215,219,138
0.6993733149778321,0.5679145735154666,0.41938435424284004,0,248,16
0.22203712764650807,0.3243834267325657,0.8121227091840645,195,141,66
0.503310038856544,0.32132206258748175,0.49844481300334365,20,223,182
0.928312940184089,0.009500414385963274,0.9554798801231137,210,59,148
0.4403497229173233,0.7703934718473457,0.7020392725347416,0,121,18
0.39600804720893024,0.6872827291998571,0.7295760260039624,37,84,78
0.834458801016695,0.5167020032565445,0.20052494597345594,244,153,183
0.3966038967007326,0.5597559189743692,0.04412525063403672,185,247,192
0.2619201152709161,0.05742874517186913,0.047049866712103205,135,9,74
0.7438777751066133,0.5141469756320176,0.2205304756457125,124,173,155
0.20542302901216192,0.815667925840376,0.4273076269885361,141,77,138
0.259859817700443,0.5692179359173015,0.8640538787718635,175,91,174
0.8212445600871853,0.48470679510342674,0.48472634249764734,191,110,245
0.8131213491178886,0.28836576465887676,0.7966256599412721,144,16,118
0.37554468229525684,0.17179833405342237,0.8051357464738141,107,19,144
0.7656944023970008,0.08094786956378841,0.08070884643582277,137,150,185
0.7587943317382643,0.0981809167521791,0.14470906376335935,250,118,81
0.33280694289941726,0.7217694312087991,0.3776930118390601,157,82,85
0.31044251469531725,0.05379557612925567,0.7083093777704916,24,195,127
0.2957791032953998,0.8087869347112651,0.12928738081387858,205,244,237
0.5614162137463418,0.5865306564333181,0.13641718846158768,249,185,236
0.41350397654324966,0.6993155920975108,0.5128396098332768,149,166,47
0.5721439455798106,0.2331728442736568,0.8349801666533779,75,172,72
0.4718791363348648,0.6534293663262569,0.3261591150289931,70,28,48
0.4361122606544663,0.3429662389655831,0.5669376374785021,83,250,34
0.07198843953489709,0.659678415031052,0.0917193219325475,65,121,154
0.9191306659180134,0.621040875776012,0.6849745013999581,146,80,112
0.6803164859551235,0.5774708124859294,0.3300815511993742,157,159,136
0.42485256021428497,0.8223010247782623,0.36924450706425616,246,254,231
0.9085910957704106,0.4434218177186193,0.9001746644912337,113,247,5
0.30767040362242914,0.5966661584570145,0.05959439838566527,185,207,201
0.34819115584251403,0.6469216286623856,0.31331447393804035,41,24,187
0.1377415689037943,0.1546859944864991,0.3493917052265133,227,163,158
0.10346463058975097,0.30645622565983555,0.394412879933457,1,218,188
0.24015595627266706,0.018974895163447636,0.10223254620450717,153,19,217
0.06400670123362917,0.9526606985098256,0.9945195534546966,130,47,106
0.8807769608513243,0.3071217786125169,0.22919277374396108,42,90,146
0.21224555228521413,0.8731153595325016,0.09313209081438967,69,165,147
0.8659314231073099,0.7409748536194493,0.2328263682931112,125,172,195
0.4290971943930847,0.07109044099274775,0.9883048590783758,161,11,159
0.5611062390002055,0.13977563465702592,0.6039054108526793,178,241,23
0.011349702450873633,0.0703080388172822,0.6369206316816952,212,201,60
0.7659263410633702,0.8171455006339571,0.2590516938013725,64,101,225
0.39378159433749815,0.32866908874732703,0.7214736981636078,149,105,44
0.7825494465763382,0.4907403175616809,0.04798357956928656,251,243,88
0.7862724225845545,0.26302619104993785,0.14118800023456968,99,143,184
0.9850127780589922,0.05577816178097461,0.6648815309490986,64,11,48
0.3268404703678054,0.893928066662119,0.35039477490156945,45,246,58
0.4353251655656042,0.5468454506975761,0.7037933951117679,171,229,192
0.6676003880844441,0.24133869909772954,0.6488501554296461,91,141,60
0.7087107702948369,0.5954704692351603,0.9156889130664562,11,175,84
0.420782305035992,0.9001589079277835,0.13848545600244921,196,102,84
0.6685134421414752,0.6376384825154956,0.31871509581789725,157,198,227
0.2638956503992774,0.23364495488072623,0.6978225860808598,25,75,50
0.2650337309526064,0.6409433319247818,0.5745279360960818,115,30,137
0.9870581730827849,0.6562628472232119,0.29543572380110394,71,202,28
0.16399419110245594,0.11731251520635566,0.5948836514460905,109,223,181
0.8318015254529952,0.19118731589135296,0.18810193849061496,30,230,176
0.49006996112630674,0.6527742542539352,0.9228856102960453,58,229,163
0.5416780022453387,0.19659875510818192,0.7510501961351808,171,2,220
0.9795139304157447,0.30675413566016885,0.8131727003513053,128,4,88
0.9632387317181723,0.6203254455954852,0.27981342768067285,6,163,125
0.2960315481638237,0.39630329661959196,0.5392822593266862,0,121,19
0.037861354684364024,0.3353890297980405,0.6868054759220447,234,155,109
0.7867714300205862,0.7943731521125518,0.12732320125923546,39,47,158
0.9288246061744714,0.023942011740869518,0.33952973988846713,197,139,23
0.0569784054344592,0.8961315156331648,0.2518493648299266,138,148,213
0.2997566987044007,0.2399494208151285,0.8649354931904731,136,9,214
0.11940767787179984,0.19790274092166082,0.5110934858551255,143,218,184
0.5056296836675294,0.6432035530491345,0.6618232836896676,103,120,83
0.9465523854999861,0.9479893816930025,0.17041376978176082,143,95,134
0.9808341578253482,0.6600101566718831,0.2147903453788157,105,224,175
0.8122418140785559,0.23879119335952104,0.17499822734128334,56,182,198
0.20678426699388108,0.3239311337830717,0.7115270123563849,123,242,131
0.6143370238162903,0.3059207311648593,0.48700381490555433,164,91,171
0.22247105797107958,0.9587483222647492,0.7868491663760365,66,51,223
0.3798858925183526,0.05257319572880215,0.7656722077071046,119,172,175
0.03441479197817854,0.968677964984841,0.44141958788666136,233,230,9
0.4939645183430268,0.9511011506682807,0.7927444812284823,196,117,167
0.18666620156928493,0.12665974333726404,0.46110314659293905,222,204,80
0.6610692346426698,0.8241207985862843,0.22468217779866073,146,79,154
0.5726654120226747,0.6418401760580239,0.18544096833911095,239,161,111
0.6283557147968707,0.7149532748695435,0.40338639462456305,201,31,77
0.6126509725983897,0.9225286183594615,0.606992076393546,116,34,93
0.37012115986690586,0.9787943665564727,0.4606054230562837,75,136,23
0.9779527014287231,0.9921113020218972,0.4463294831661049,109,140,45
0.13962397775378366,0.7572867526526929,0.08101236930212807,166,228,94
0.837682545326755,0.4781502061108964,0.4524459873952915,117,146,204
0.35105946196089577,0.8863407439220661,0.9871892044485379,211,71,207
0.6286273816516958,0.17591646152993734,0.24475644882545666,183,202,25
0.8776973459827159,0.8005934643503383,0.6147478688229482,97,107,224
0.9981761926784649,0.5540176845120749,0.29539684371963093,123,240,28
0.5499325280739463,0.65055811984529,0.5135403253305444,192,75,252
0.4237665076879664,0.2009359755745206,0.31407305784117934,250,76,193
0.47127323193955684,0.7807749861737413,0.08832934303828699,58,136,36
0.6844703750412897,0.5676768687101872,0.6977824552583697,235,95,239
0.5646940891798039,0.12297961053294781,0.6340835897996493,45,173,231
0.08476634800463523,0.2930939498332126,0.31782613573684626,112,67,44
0.6101543959862976,0.887001536652589,0.9035702261547075,32,83,224
0.3716923461700836,0.27750965806407524,0.4848280489095681,171,70,72
0.43467963360935824,0.1323877835596946,0.3954664246627029,179,225,15
0.6563320453937828,0.3468656413662141,0.4514179996607667,206,193,131
0.3769817906146221,0.01595810932074282,0.04380835065945421,247,200,182
0.3878404284672645,0.36469207317242647,0.7014669037638062,150,174,59
0.8652601258627403,0.6437112627081655,0.3272004314189182,51,87,249
0.7077822404332789,0.4710330213693321,0.16516372920918077,1,225,30
0.40415721672019456,0.21072675321708056,0.34721679159618346,182,218,92
0.39477640164667516,0.7129704721713915,0.8941938926697013,137,229,60
0.9438475930204727,0.27143981763396263,0.6205875765409714,115,105,104
0.225582349455417,0.8714928547522293,0.3050484417548689,94,29,152
0.8442571339384102,0.24992944455724153,0.1933615663599595,237,101,174
0.8338067494415919,0.9998143515605625,0.7901735278035935,140,72,110
0.4691774603579153,0.6328259130485889,0.40288806608030303,225,252,151
0.9623436466420064,0.6560135343660386,0.6557116803888781,8,184,125
0.8698116830365237,0.7699876242742655,0.024494258714702122,185,245,236
0.986452397736409,0.19792763964087345,0.4683432272593775,163,196,106
0.18360761224075195,0.7970998306123568,0.9743848212835912,93,163,19
0.675996842930455,0.22766918690001758,0.46253177793096845,157,138,105
0.02367204925128863,0.5519980064561688,0.34054210647934935,70,156,204
0.38017611067687396,0.748107396790073,0.13518554029837093,210,254,10
0.8747992020664526,0.5409063413753376,0.31948561570105805,132,31,67
0.3806014545952422,0.9635494793438163,0.7082382438915016,126,173,131
0.27935413829450584,0.14666908157788594,0.6228397920021503,55,158,168
0.11894591543095756,0.5944720152764146,0.05908349840683613,208,66,105
0.5570095541817001,0.32284925778574225,0.8926992522213343,26,127,248
0.4157976976913259,0.18620769891890476,0.3677631600584276,92,248,228
0.7502024009596494,0.029586479968474744,0.5765848491655555,114,178,228
0.05403132665122368,0.603237657431607,0.36290230324592543,104,190,214
0.5246296623705274,0.12287954527119127,0.7212540556312281,195,91,242
0.5191310245301322,0.6254820345019272,0.5893344713599782,245,14,240
0.06010941499924183,0.9660868443450302,0.6488544390052832,107,121,129
0.14826281259024643,0.6114848105786572,0.10324750225903967,136,163,159
0.8145886630660112,0.6857289800748321,0.5575647775891145,133,212,90
0.7497334094563436,0.1342298005254966,0.8965794419632255,166,72,211
0.3171683510508362,0.06745826427244028,0.263631241729787,117,192,211
0.2601282426065392,0.6301328256812075,0.9436959660348982,140,8,76
0.2718219326937855,0.1480506368033755,0.2578912028797573,250,95,107
0.5538684731483728,0.2933731212673465,0.49247622069718056,146,196,53
0.5170301949992799,0.19894716581744487,0.25636318476222697,108,191,135
0.3127121056891171,0.7823738348336452,0.1933520113458238,210,40,237
0.5447973989221772,0.2356936115364855,0.23729480071614684,18,193,255
0.11900984112023716,0.013819897129966341,0.1857195854828454,195,122,8
0.2761254870837151,0.6596415388365573,0.5935786672926067,150,92,39
0.18379622840136756,0.20901400252881586,0.547293557111833,54,132,185
0.7434170935570059,0.30031417484333,0.06118997932630321,200,15,166
0.431515916724205,0.26761708369404036,0.30588282638369524,90,123,50
0.8912708859523737,0.7347470542960846,0.1985960916023114,210,126,244
0.7725831498897546,0.890664247017307,0.6497870594623639,178,236,47
0.10430612484700508,0.43832404590558927,0.46118937511507885,20,157,132
0.26931411970423935,0.5700801336589333,0.37736953619598956,163,128,89
0.4716231493167702,0.33973799811699334,0.3853911289002667,123,25,232
0.0004598351400795231,0.8882621266715393,0.9421344704231974,100,117,153
0.2724072224178947,0.5014686313677084,0.36161070547979157,68,118,42
0.5102031943912039,0.40065336030352117,0.8988375026708553,45,75,229
0.8117293614192307,0.8241399270754134,0.15755752053795902,199,51,120
0.992623459711972,0.49358888942007306,0.02044518679140528,138,207,49
0.20213475227778765,0.2402878971463136,0.8409508198238566,193,63,221
0.8040647905260833,0.9685837986208018,0.6120483157556699,144,222,155
0.2305278607946014,0.22012114668128113,0.7789503307521248,233,128,83
0.4840019396845976,0.1318525775898427,0.24573577340883657,166,232,44
0.7761157674441603,0.026937148166778613,0.1767074477700631,42,106,76
0.6223923528761577,0.6041534704599391,0.12329942136769279,76,246,161
0.2726905854571666,0.0912373418019845,0.20838321529062054,62,91,240
0.38919264348135363,0.21601513696445973,0.21662803713489365,134,165,215
0.5087142308876816,0.9537241070374765,0.7326433739250392,220,174,124
0.6771397724585497,0.23134823603977273,0.04492601396954654,201,176,35
0.5526102587845876,0.612857010964131,0.5481777480729009,163,182,155
0.6973444238754967,0.3271592537782223,0.09340806737264062,211,182,139
0.967737055760625,0.938878094645279,0.22343891759431478,57,189,36
0.08416779048837109,0.6325599814671369,0.35892616913417974,177,231,45
0.9712395465701443,0.5166506307023716,0.1440512504546425,158,69,124
0.9589772895705769,0.8818454326475191,0.7533582289391566,252,193,217
0.7099139100051326,0.4152534030151066,0.30355230355856966,209,49,23
0.9984648293352323,0.9520262824802004,0.41290392985421764,233,106,241
0.6765528193542545,0.9326200546297543,0.41161991786562746,82,199,248
0.6782575062551831,0.895340438937621,0.13339031276974167,31,59,220
0.0016722291948395585,0.32052124515604086,0.47643219963360506,99,61,149
0.5524682775983176,0.10528165039346205,0.3010913867382007,219,135,54
0.9362013402265639,0.8291649654347535,0.7365557876123178,14,80,230
0.5945595337166418,0.5720236354121419,0.8219195180638937,101,119,112
0.6558952104269221,0.079748512163755,0.22889481976571424,108,57,177
0.5014781397925819,0.9206692348022488,0.6981487409318163,79,182,127
0.17032347955617444,0.4361670528212447,0.6317620753241387,10,137,45
0.3605594566148934,0.06755318466038096,0.5778837933137027,3,180,200
0.840167928038947,0.4290050740959447,0.4952275310615252,147,114,29
0.5407838497938352,0.3303838426901148,0.24434381720840215,149,133,183
0.0210880514568339,0.41853527215948927,0.7486781089991761,73,251,222
0.43582952314712853,0.7631358587435477,0.3213620877758093,76,183,171
0.8602510713955037,0.9509153233921723,0.19705248994935076,217,54,254
0.667748804160004,0.005677201043207458,0.12215671797959327,118,234,69
0.4686125654521567,0.9113463293866335,0.3201520558970321,124,182,138
0.28579045855742913,0.5577313253436164,0.45749516563602477,209,51,187
0.5784913644528847,0.32328965540218135,0.8155710486050661,95,133,224
0.19510426465227826,0.8169345742996057,0.4886707878878431,213,167,94
0.9708751236907388,0.2630886608626145,0.6806704618592249,12,194,135
0.9837540111143858,0.29012812845548874,0.24871232907120489,55,96,217
0.3196628433299604,0.1599213274195177,0.839521368155263,201,202,34
0.03589003903168797,0.7068298100828574,0.683613898503487,195,93,163
0.5110625772182097,0.7113893425897224,0.10878359935697712,207,37,73
0.18192598602944354,0.09207630599806382,0.3655644395052967,110,231,160
0.2899694208812791,0.40911333314765164,0.08270605910757012,134,33,103
0.06364130915642396,0.9649853803051467,0.6467241561522158,74,152,116
0.2204195737110477,0.6135083598333947,0.21180563921711637,152,203,164
0.29723110154658605,0.8816672692294328,0.9907451132131747,9,231,187
0.21755091050009923,0.5469567884855361,0.9903897011326181,73,29,224
0.9117655446833821,0.710284822310302,0.022896230394328865,41,179,58
0.6483085050497172,0.09650046650668143,0.09789052038921375,163,78,174
0.9758694478696645,0.9616134500226168,0.3701485135107222,69,181,93
0.15368524278420848,0.8768988432194503,0.9011084850157969,242,147,201
0.38952054223154864,0.8254004692977879,0.1914032427121326,217,154,255
0.9039052925866826,0.6629748557853935,0.3800339606509584,115,247,5
0.719959274406245,0.6800882535753369,0.10888139483446302,80,200,27
0.45572337696330656,0.5725315109037185,0.7090179131259932,98,254,254
0.49907950270323853,0.5490648408319743,0.06122052389775268,110,14,197
0.19155996132036845,0.26701295584004026,0.7014613171682464,218,98,219
0.9746587557914983,0.6865893467780346,0.9251833327470579,116,151,221
0.3519147030318871,0.6757724377556832,0.31375164268547595,240,188,22
0.2918347844660294,0.9349032107957731,0.6838796038125743,13,120,48
0.6505504406785513,0.578285251885789,0.23941434915790316,241,73,184
0.9740957402866272,0.44343070796407635,0.44245801531751006,148,147,17
0.9857099907550866,0.9448858633225792,0.7589799369405231,115,5,64
0.8751743628722524,0.18277339732697384,0.9230344606469884,37,193,234
0.3265754734889468,0.619775090818091,0.32870152585024737,109,124,238
0.5646743443102136,0.23193903338232613,0.7037684639455658,180,112,87
0.45262158589870827,0.4325284512579196,0.06621876061002563,23,209,29
0.4319159705194723,0.4804046301533874,0.46399791373696797,127,175,244
0.6794369858914076,0.7082930360515765,0.2925101583875923,154,77,162
0.534936535986611,0.8338179778076,0.29795921058873565,131,51,15
0.20558059535115591,0.3003890974968142,0.3820689733904772,124,184,76
0.3083682178122904,0.06583905134736434,0.39192381986186553,150,186,171
0.5346465235321826,0.5118872066902628,0.6532941419626618,136,218,200
